{
    "fit_level": "finished",
    "time_controller": {
        "total_time_limit": 3600,
        "model_time_limit": null,
        "steps": [
            "simple_algorithms",
            "default_algorithms",
            "ensemble"
        ],
        "algorithms": [
            "Xgboost"
        ],
        "spend": [
            {
                "model_name": "prepare_data",
                "model_type": "prepare_data",
                "fit_level": "prepare_data",
                "train_time": 2.2097227573394775
            },
            {
                "model_name": "1_Default_Xgboost",
                "model_type": "Xgboost",
                "fit_level": "default_algorithms",
                "train_time": 257.89884972572327
            }
        ],
        "is_hill_climbing": false,
        "is_stacking": false
    },
    "all_params": {
        "default_algorithms": [
            {
                "additional": {
                    "max_rounds": 10000,
                    "early_stopping_rounds": 50,
                    "max_rows_limit": null,
                    "max_cols_limit": null
                },
                "preprocessing": {
                    "columns_preprocessing": {},
                    "target_preprocessing": [
                        "na_exclude",
                        "categorical_to_int"
                    ],
                    "ml_task": "multiclass_classification"
                },
                "validation_strategy": {
                    "validation_type": "split",
                    "train_ratio": 0.75,
                    "shuffle": true,
                    "stratify": true,
                    "X_path": "/home/tzhang/out/500_all_new_su_1000_0.7/cyto_sv_ml/500_all_new_su_1000_0.7_trs_7_ts_EXP/X.data",
                    "y_path": "/home/tzhang/out/500_all_new_su_1000_0.7/cyto_sv_ml/500_all_new_su_1000_0.7_trs_7_ts_EXP/y.data",
                    "results_path": "/home/tzhang/out/500_all_new_su_1000_0.7/cyto_sv_ml/500_all_new_su_1000_0.7_trs_7_ts_EXP"
                },
                "learner": {
                    "model_type": "Xgboost",
                    "ml_task": "multiclass_classification",
                    "n_jobs": 6,
                    "objective": "multi:softprob",
                    "eta": 0.075,
                    "max_depth": 6,
                    "min_child_weight": 1,
                    "subsample": 1.0,
                    "colsample_bytree": 1.0,
                    "seed": 1,
                    "eval_metric": "mlogloss",
                    "num_class": 3,
                    "explain_level": 2
                },
                "automl_random_state": 1234,
                "ml_task": "multiclass_classification",
                "explain_level": 2,
                "name": "1_Default_Xgboost",
                "status": "trained",
                "final_loss": 0.0909933793158351,
                "train_time": 259.6081585884094,
                "data_type": "original",
                "max_time_for_learner": 360.0
            }
        ],
        "ensemble": [
            {
                "model_type": "ensemble",
                "is_stacked": false,
                "name": "Ensemble",
                "status": "skipped",
                "final_loss": 0.0909933793158351,
                "train_time": 259.6081585884094
            }
        ]
    },
    "adjust_validation": false
}